,anova,anova_pval,chi2,chi2_pval
DEP_VAL,20.27360214344127,7.73689603163467e-06,2.1172093298493335,0.1456517264432012
DEP_TAG,15.486643311203931,9.050611923760395e-05,18.598940165367033,1.613102046856125e-05
DEP_STR,0.4838332090527536,0.48689832279046685,43.140557720972524,5.09451653998692e-11
DEP_POS,32.2305574846618,1.9314532081329663e-08,23.386256403655384,1.325219767435553e-06
VERB_STR,2.971620532965861,0.08513317687269122,9.037062541929558,0.0026456039610224377
VERB_DEP,2.388660178316607,0.12262394270844978,15.781451028938626,7.109612273976049e-05
